{"stat.pickup.minecraft.rotten_flesh":2,"stat.pickup.minecraft.reeds":1,"stat.useItem.minecraft.rotten_flesh":1,"stat.flyOneCm":26632,"stat.walkOneCm":3690,"stat.jump":57,"stat.swimOneCm":299,"stat.playOneMinute":2835,"stat.fallOneCm":1878,"stat.leaveGame":1,"stat.damageTaken":80,"stat.damageDealt":102,"stat.timeSinceDeath":2835,"stat.pickup.minecraft.dirt":2,"stat.useItem.minecraft.dirt":1,"stat.mineBlock.minecraft.dirt":2,"stat.sprintOneCm":10932,"stat.useItem.minecraft.spawn_egg":1,"stat.useItem.minecraft.stone_slab2":2,"stat.aviateOneCm":83623,"stat.diveOneCm":1896}